{
    "mAP50": 0.7021904697636144,
    "mAP50_95": 0.4154603229222693,
    "precision": 0.8770001782807523,
    "recall": 0.624928782756422
}